full names,gender,nationality,date of birth,passanger type,class,airline,from,to,expiry,ticket id,transaction id,price
Tunde Okafor,M,Nigeria,2007-05-04,Adult,Economy,Air Peace,Nigeria,RSA,2026-10-04 04:00,TKT-21668732,TXN-7C5A80C2,1193.89
Zainab Okafor,F,Nigeria,1986-02-04,Adult,Economy,Air Peace,Nigeria,RSA,2026-10-04 04:00,TKT-39345092,TXN-7C5A80C2,1211.06
Isla Wilson,M,Australia,1996-04-19,Adult,Economy,Qantas,Australia,Nigeria,2026-10-11 09:00,TKT-66722344,TXN-29C3FD4C,1353.66
Charlotte Wilson,F,Australia,2004-08-08,Adult,Economy,Qantas,Australia,Nigeria,2026-10-11 09:00,TKT-55176955,TXN-29C3FD4C,1360.4
Isla Wilson,M,Australia,2024-12-22,Infant,Economy,Qantas,Australia,Nigeria,2026-10-11 09:00,TKT-58181396,TXN-29C3FD4C,129.34
Kagiso Mokoena,M,RSA,1982-11-12,Adult,First,South African Airways,RSA,Germany,2026-10-08 03:00,TKT-93016315,TXN-4DA290EF,7102.27
Thabo Mokoena,F,RSA,1979-02-06,Adult,First,South African Airways,RSA,Germany,2026-10-08 03:00,TKT-19335534,TXN-4DA290EF,7103.34
Chloe Martin,M,France,1992-10-29,Adult,Business,Air France,France,Singapore,2026-10-08 09:00,TKT-31831063,TXN-4F101E94,3264.89
Camille Martin,F,France,1981-06-09,Adult,Business,Air France,France,Singapore,2026-10-08 09:00,TKT-45833156,TXN-4F101E94,3277.65
Oliver Thompson,M,Australia,1998-06-28,Adult,Economy,Qantas,Australia,USA,2026-10-06 21:00,TKT-53524491,TXN-E8CEFA8E,883.65
Thomas Thompson,F,Australia,1996-10-02,Adult,Economy,Qantas,Australia,USA,2026-10-06 21:00,TKT-52339391,TXN-E8CEFA8E,860.99
Amelia Thompson,M,Australia,1975-05-07,Adult,Economy,Qantas,Australia,France,2026-10-08 21:00,TKT-28740864,TXN-14F84FB0,922.84
Thomas Thompson,F,Australia,1968-06-28,Adult,Economy,Qantas,Australia,France,2026-10-08 21:00,TKT-45264581,TXN-14F84FB0,923.51
Gabriel Bernard,M,France,1991-08-24,Adult,Economy,Air France,France,USA,2026-10-02 04:00,TKT-18526544,TXN-BBEA460A,1262.88
Felix Weber,M,Germany,2001-09-01,Adult,Economy,Lufthansa,Germany,France,2026-10-03 22:00,TKT-49392920,TXN-59AD070B,762.61
Alexander Weber,F,Germany,1985-12-28,Adult,Economy,Lufthansa,Germany,France,2026-10-03 22:00,TKT-45351479,TXN-59AD070B,776.38
Leon Weber,F,Germany,2015-04-25,Child,Economy,Lufthansa,Germany,France,2026-10-03 22:00,TKT-93926371,TXN-59AD070B,577.17
Isla Wilson,M,Australia,1969-05-07,Adult,Premium Economy,Qantas,Australia,USA,2026-10-10 17:00,TKT-25014631,TXN-8FA67A0E,1018.06
Amelia Wilson,F,Australia,2006-03-01,Adult,Premium Economy,Qantas,Australia,USA,2026-10-10 17:00,TKT-51273847,TXN-8FA67A0E,995.73
Charlotte Wilson,M,Australia,2023-10-17,Child,Premium Economy,Qantas,Australia,USA,2026-10-10 17:00,TKT-86149359,TXN-8FA67A0E,759.58
Jack Wilson,F,Australia,2023-04-25,Child,Premium Economy,Qantas,Australia,USA,2026-10-10 17:00,TKT-19289546,TXN-8FA67A0E,757.42
Jack Wilson,F,Australia,2025-12-04,Infant,Premium Economy,Qantas,Australia,USA,2026-10-10 17:00,TKT-83793389,TXN-8FA67A0E,101.18
Grace Harris,M,Australia,2003-05-03,Adult,Premium Economy,Qantas,Australia,USA,2026-10-08 22:00,TKT-79467853,TXN-6E11BE19,1639.44
Isla Harris,F,Australia,2007-10-27,Adult,Premium Economy,Qantas,Australia,USA,2026-10-08 22:00,TKT-18593410,TXN-6E11BE19,1649.65
Olivia Miller,M,USA,1996-04-09,Adult,Economy,Delta Air Lines,USA,USA,2026-10-12 02:00,TKT-79008866,TXN-D712EDA5,143.07
Sophia Miller,F,USA,1960-07-31,Senior,Economy,United Airlines,USA,USA,2026-10-09 14:00,TKT-65177213,TXN-5F639503,210.4
Babajide Okafor,F,Nigeria,1988-01-05,Adult,Premium Economy,Air Peace,Nigeria,RSA,2026-10-14 04:00,TKT-34627347,TXN-5797EB41,1615.49
Pieter Ndlovu,M,RSA,1987-03-04,Adult,Economy,South African Airways,RSA,Singapore,2026-10-10 01:00,TKT-64547971,TXN-2B0924CF,811.41
Thabo Ndlovu,F,RSA,2001-05-18,Adult,Economy,South African Airways,RSA,Singapore,2026-10-10 01:00,TKT-63826716,TXN-2B0924CF,816.37
Anika Ndlovu,M,RSA,2015-12-17,Child,Economy,South African Airways,RSA,Singapore,2026-10-10 01:00,TKT-62401521,TXN-2B0924CF,623.55
Lethabo Ndlovu,F,RSA,2016-12-09,Child,Economy,South African Airways,RSA,Singapore,2026-10-10 01:00,TKT-48285503,TXN-2B0924CF,628.72
Pieter Ndlovu,M,RSA,2026-03-27,Infant,Economy,South African Airways,RSA,Singapore,2026-10-10 01:00,TKT-84593961,TXN-2B0924CF,72.7
Liam Smith,M,USA,2006-03-19,Adult,Premium Economy,Delta Air Lines,USA,Australia,2026-10-02 02:00,TKT-81286543,TXN-AEB9E4AC,1759.82
Liam Smith,F,USA,2005-09-09,Adult,Premium Economy,Delta Air Lines,USA,Australia,2026-10-02 02:00,TKT-20752378,TXN-AEB9E4AC,1748.85
Chidimma Balogun,M,Nigeria,1989-12-16,Adult,Business,Air Peace,Nigeria,Germany,2026-10-11 08:00,TKT-93131979,TXN-5118024C,2212.72
Nneka Balogun,F,Nigeria,1966-11-01,Adult,Business,Air Peace,Nigeria,Germany,2026-10-11 08:00,TKT-85863473,TXN-5118024C,2200.82
Chidimma Danfulani,M,Nigeria,2008-05-06,Adult,Economy,Air Peace,Nigeria,France,2026-10-04 22:00,TKT-52436584,TXN-61D550D4,1116.75
Chidimma Danfulani,F,Nigeria,2005-06-23,Adult,Economy,Air Peace,Nigeria,France,2026-10-04 22:00,TKT-85563727,TXN-61D550D4,1119.13
Oliver White,M,Australia,1978-10-21,Adult,Business,Qantas,Australia,USA,2026-10-05 12:00,TKT-92097999,TXN-C339A3C2,3078.31
Louis Dubois,F,France,1986-02-03,Adult,Economy,Air France,France,RSA,2026-10-03 18:00,TKT-37326368,TXN-BF8B5EA2,1000.66
Derrick Tan,M,Singapore,1949-03-20,Senior,Premium Economy,Singapore Airlines,Singapore,RSA,2026-10-02 01:00,TKT-69302158,TXN-EBA1B5DA,1085.54
Johan Mokoena,F,RSA,1956-03-13,Senior,Premium Economy,South African Airways,RSA,USA,2026-10-11 18:00,TKT-58024342,TXN-058F9B05,936.51
Gabriel Richard,M,France,2007-08-26,Adult,First,Air France,France,Singapore,2026-10-13 05:00,TKT-33763566,TXN-27F13014,4478.38
Gabriel Richard,F,France,1972-10-11,Adult,First,Air France,France,Singapore,2026-10-13 05:00,TKT-54585178,TXN-27F13014,4493.1
Louis Richard,M,France,2022-12-19,Child,First,Air France,France,Singapore,2026-10-13 05:00,TKT-43308443,TXN-27F13014,3374.62
Gabriel Richard,F,France,2014-12-21,Child,First,Air France,France,Singapore,2026-10-13 05:00,TKT-24508349,TXN-27F13014,3352.16
Leon Schmidt,F,Germany,1993-01-04,Adult,Economy,Lufthansa,Germany,USA,2026-10-15 08:00,TKT-19317495,TXN-E16FB493,939.24
Felix Meyer,F,Germany,1993-04-04,Adult,Business,Lufthansa,Germany,Singapore,2026-10-03 09:00,TKT-90070438,TXN-A1429A9A,2442.06
Chloe Petit,F,France,1989-06-01,Adult,Economy,Air France,France,Australia,2026-10-11 07:00,TKT-36445607,TXN-4195FBC4,1188.1
Nneka Adeleyi,M,Nigeria,1990-09-18,Adult,Economy,Air Peace,Nigeria,Australia,2026-10-03 10:00,TKT-64813568,TXN-24BF5508,1337.92
Oluwaseun Adeleyi,F,Nigeria,2000-02-27,Adult,Economy,Air Peace,Nigeria,Australia,2026-10-03 10:00,TKT-84411983,TXN-24BF5508,1329.61
Leon Meyer,M,Germany,1999-05-03,Adult,Economy,Lufthansa,Germany,Nigeria,2026-10-06 13:00,TKT-50785405,TXN-A2A42C28,647.9
Mia Meyer,F,Germany,1987-11-27,Adult,Economy,Lufthansa,Germany,Nigeria,2026-10-06 13:00,TKT-87844239,TXN-A2A42C28,648.25
Nneka Balogun,M,Nigeria,2004-07-28,Adult,Premium Economy,Air Peace,Nigeria,Australia,2026-10-14 06:00,TKT-79182797,TXN-182CDBFA,1419.55
Babajide Balogun,F,Nigeria,1998-09-08,Adult,Premium Economy,Air Peace,Nigeria,Australia,2026-10-14 06:00,TKT-41523529,TXN-182CDBFA,1419.2
Olivia Smith,M,USA,1976-07-16,Adult,First,Delta Air Lines,USA,RSA,2026-10-11 03:00,TKT-87265240,TXN-F623F7B7,7122.89
Jackson Smith,F,USA,1997-10-26,Adult,First,Delta Air Lines,USA,RSA,2026-10-11 03:00,TKT-76354180,TXN-F623F7B7,7106.43
Zainab Okafor,M,Nigeria,1967-08-11,Adult,Premium Economy,Air Peace,Nigeria,Singapore,2026-10-05 06:00,TKT-84813739,TXN-529719CD,1061.95
Oluwaseun Okafor,F,Nigeria,1972-10-24,Adult,Premium Economy,Air Peace,Nigeria,Singapore,2026-10-05 06:00,TKT-71265269,TXN-529719CD,1050.44
Nneka Okafor,F,Nigeria,2016-04-13,Child,Premium Economy,Air Peace,Nigeria,Singapore,2026-10-05 06:00,TKT-81287314,TXN-529719CD,800.37
Amelia Thompson,M,Australia,1971-02-02,Adult,Premium Economy,Qantas,Australia,Australia,2026-10-10 15:00,TKT-44788100,TXN-AF3EC3C9,356.63
Grace Thompson,F,Australia,1980-08-25,Adult,Premium Economy,Qantas,Australia,Australia,2026-10-10 15:00,TKT-79967676,TXN-AF3EC3C9,344.68
Charlotte Thompson,F,Australia,2016-10-01,Child,Premium Economy,Qantas,Australia,Australia,2026-10-10 15:00,TKT-69038700,TXN-AF3EC3C9,257.95
Gabriel Thomas,M,France,1990-06-24,Adult,Economy,Air France,France,France,2026-10-05 13:00,TKT-18620650,TXN-94E3A3AD,168.93
Gabriel Thomas,F,France,2005-12-20,Adult,Economy,Air France,France,France,2026-10-05 13:00,TKT-72535301,TXN-94E3A3AD,165.21
Hannah Fischer,F,Germany,1950-11-05,Senior,Business,Lufthansa,Germany,Singapore,2026-10-14 19:00,TKT-66240084,TXN-253F8576,3012.7
Maximilian Fischer,M,Germany,1968-01-30,Adult,Economy,Lufthansa,Germany,RSA,2026-10-12 13:00,TKT-81688860,TXN-63952BDD,1283.82
Maximilian Fischer,F,Germany,2004-12-30,Adult,Economy,Lufthansa,Germany,RSA,2026-10-12 13:00,TKT-85751409,TXN-63952BDD,1291.28
Lina Fischer,M,Germany,2022-09-18,Child,Economy,Lufthansa,Germany,RSA,2026-10-12 13:00,TKT-28213276,TXN-63952BDD,951.76
Maximilian Schneider,F,Germany,1975-03-01,Adult,Economy,Lufthansa,Germany,USA,2026-10-14 13:00,TKT-73123515,TXN-2171B152,734.18
Hugo Bernard,M,France,1998-01-23,Adult,Premium Economy,Air France,France,Nigeria,2026-10-12 02:00,TKT-93394260,TXN-24682264,993.79
Camille Bernard,F,France,1983-06-19,Adult,Premium Economy,Air France,France,Nigeria,2026-10-12 02:00,TKT-99853245,TXN-24682264,1018.43
Louis Bernard,M,France,2016-02-25,Child,Premium Economy,Air France,France,Nigeria,2026-10-12 02:00,TKT-72415804,TXN-24682264,749.82
Thomas Martin,F,Australia,1957-05-07,Senior,Premium Economy,Qantas,Australia,Nigeria,2026-10-04 10:00,TKT-60372847,TXN-D832CFDF,1800.33
Emeka Danfulani,M,Nigeria,1993-03-10,Adult,Economy,Air Peace,Nigeria,USA,2026-10-06 22:00,TKT-85958181,TXN-2755F403,773.98
Nneka Danfulani,F,Nigeria,2005-09-02,Adult,Economy,Air Peace,Nigeria,USA,2026-10-06 22:00,TKT-98787891,TXN-2755F403,773.18
Gabriel Martin,M,France,2000-11-11,Adult,Premium Economy,Air France,France,Singapore,2026-10-03 14:00,TKT-30534124,TXN-AE174D44,2068.01
Louis Martin,F,France,1981-02-18,Adult,Premium Economy,Air France,France,Singapore,2026-10-03 14:00,TKT-97302916,TXN-AE174D44,2070.25
Inès Martin,M,France,2019-07-16,Child,Premium Economy,Air France,France,Singapore,2026-10-03 14:00,TKT-82232344,TXN-AE174D44,1543.82
Louis Martin,F,France,2021-02-19,Child,Premium Economy,Air France,France,Singapore,2026-10-03 14:00,TKT-89520597,TXN-AE174D44,1556.3
Louis Martin,F,France,2025-05-28,Infant,Premium Economy,Air France,France,Singapore,2026-10-03 14:00,TKT-21631697,TXN-AE174D44,198.42
Leon Weber,M,Germany,1983-10-31,Adult,Economy,Lufthansa,Germany,Australia,2026-10-09 11:00,TKT-47535126,TXN-41DE02B9,983.3
Ethan Smith,M,USA,2004-08-03,Adult,Economy,United Airlines,USA,USA,2026-10-14 08:00,TKT-70152969,TXN-9D893B99,238.83
Olivia Smith,F,USA,1995-01-11,Adult,Economy,United Airlines,USA,USA,2026-10-14 08:00,TKT-64277800,TXN-9D893B99,249.92
Camille Petit,F,France,1976-05-29,Adult,Economy,Air France,France,Australia,2026-10-13 18:00,TKT-40942292,TXN-19DC8CF1,897.78
Siyabonga Mokoena,M,RSA,1971-06-01,Adult,Economy,South African Airways,RSA,Australia,2026-10-13 16:00,TKT-47983442,TXN-A08C1990,1251.82
Sophia Williams,M,USA,2004-02-29,Adult,Economy,United Airlines,USA,USA,2026-10-10 05:00,TKT-95613415,TXN-33C8CDD1,163.18
Grace White,F,Australia,2005-06-10,Adult,Economy,Qantas,Australia,Germany,2026-10-04 02:00,TKT-63782042,TXN-0B3021D7,718.31
Zainab Okafor,M,Nigeria,1973-12-20,Adult,Premium Economy,Air Peace,Nigeria,USA,2026-10-06 03:00,TKT-91378577,TXN-30DA1B7C,1614.68
Amina Okafor,F,Nigeria,1995-06-05,Adult,Premium Economy,Air Peace,Nigeria,USA,2026-10-06 03:00,TKT-70467027,TXN-30DA1B7C,1624.8
Babajide Okafor,M,Nigeria,2018-05-17,Child,Premium Economy,Air Peace,Nigeria,USA,2026-10-06 03:00,TKT-67556566,TXN-30DA1B7C,1214.13
Chidimma Okafor,F,Nigeria,2016-03-13,Child,Premium Economy,Air Peace,Nigeria,USA,2026-10-06 03:00,TKT-91823275,TXN-30DA1B7C,1201.73
Noah Williams,F,USA,1961-01-23,Senior,Economy,Delta Air Lines,USA,Nigeria,2026-10-04 18:00,TKT-73070585,TXN-83339477,1124.14
Zainab Adeleyi,M,Nigeria,1979-09-18,Adult,Economy,Air Peace,Nigeria,Nigeria,2026-10-05 09:00,TKT-25405014,TXN-B0146B97,217.47
Oluwaseun Adeleyi,F,Nigeria,2005-07-24,Adult,Economy,Air Peace,Nigeria,Nigeria,2026-10-05 09:00,TKT-45652586,TXN-B0146B97,214.79
Babajide Adeleyi,M,Nigeria,2019-10-30,Child,Economy,Air Peace,Nigeria,Nigeria,2026-10-05 09:00,TKT-51286958,TXN-B0146B97,159.73
Emeka Adeleyi,M,Nigeria,1968-11-12,Adult,Business,Air Peace,Nigeria,Nigeria,2026-10-10 18:00,TKT-90267122,TXN-2427A0C7,445.96
Babajide Adeleyi,F,Nigeria,2007-08-09,Adult,Business,Air Peace,Nigeria,Nigeria,2026-10-10 18:00,TKT-53261270,TXN-2427A0C7,435.74
Amina Obi,M,Nigeria,1967-09-03,Adult,First,Air Peace,Nigeria,Australia,2026-10-12 09:00,TKT-73149551,TXN-93745604,4552.84
Tunde Obi,F,Nigeria,1980-04-15,Adult,First,Air Peace,Nigeria,Australia,2026-10-12 09:00,TKT-88561612,TXN-93745604,4568.93
Lethabo Ndlovu,M,RSA,1972-04-08,Adult,Economy,FlySafair,RSA,France,2026-10-12 04:00,TKT-98930456,TXN-995B35B8,952.81
Pieter Ndlovu,F,RSA,2004-10-24,Adult,Economy,FlySafair,RSA,France,2026-10-12 04:00,TKT-14925405,TXN-995B35B8,939.44
Siyabonga Ndlovu,F,RSA,2016-02-02,Child,Economy,FlySafair,RSA,France,2026-10-12 04:00,TKT-53389073,TXN-995B35B8,705.88
William Taylor,M,Australia,1984-02-16,Adult,Economy,Qantas,Australia,Nigeria,2026-10-05 17:00,TKT-37321124,TXN-FF2F5A30,690.93
Gabriel Petit,M,France,2004-07-31,Adult,Economy,Air France,France,Nigeria,2026-10-12 20:00,TKT-11835355,TXN-B1795C04,1205.74
Inès Petit,F,France,2003-06-30,Adult,Economy,Air France,France,Nigeria,2026-10-12 20:00,TKT-25228493,TXN-B1795C04,1218.43
Inès Petit,F,France,2016-09-18,Child,Economy,Air France,France,Nigeria,2026-10-12 20:00,TKT-30665654,TXN-B1795C04,904.26
Oluwaseun Adeleyi,M,Nigeria,1970-01-02,Adult,First,Air Peace,Nigeria,Germany,2026-10-05 15:00,TKT-35583290,TXN-EB2C8EF7,5718.09
Nneka Adeleyi,F,Nigeria,1966-11-09,Adult,First,Air Peace,Nigeria,Germany,2026-10-05 15:00,TKT-65692629,TXN-EB2C8EF7,5739.63
Inès Martin,M,France,1993-04-13,Adult,Premium Economy,Air France,France,France,2026-10-11 22:00,TKT-69934576,TXN-76C4228C,231.97
Gabriel Martin,F,France,1988-05-03,Adult,Premium Economy,Air France,France,France,2026-10-11 22:00,TKT-82937948,TXN-76C4228C,249.99
Xian Lim,M,Singapore,1986-07-18,Adult,Economy,Singapore Airlines,Singapore,Nigeria,2026-10-05 14:00,TKT-61818612,TXN-3AE373F1,1053.94
Liam Miller,F,USA,2005-05-29,Adult,Business,United Airlines,USA,Australia,2026-10-15 15:00,TKT-65026398,TXN-227799B6,2549.48
Inès Thomas,M,France,1969-08-18,Adult,Economy,Air France,France,Australia,2026-10-15 11:00,TKT-94127561,TXN-6957C8B1,975.23
Camille Thomas,F,France,1998-03-26,Adult,Economy,Air France,France,Australia,2026-10-15 11:00,TKT-92874006,TXN-6957C8B1,977.93
Manon Thomas,F,France,2016-05-18,Child,Economy,Air France,France,Australia,2026-10-15 11:00,TKT-48571356,TXN-6957C8B1,718.21
Kagiso Mokoena,M,RSA,1991-12-13,Adult,Economy,South African Airways,RSA,Nigeria,2026-10-13 10:00,TKT-49375156,TXN-B9BA187F,704.92
Lethabo Mokoena,F,RSA,1983-05-18,Adult,Economy,South African Airways,RSA,Nigeria,2026-10-13 10:00,TKT-42775624,TXN-B9BA187F,712.45
Zinhle Mokoena,M,RSA,2022-10-15,Child,Economy,South African Airways,RSA,Nigeria,2026-10-13 10:00,TKT-34166826,TXN-B9BA187F,517.62
Johan Mokoena,F,RSA,2019-03-04,Child,Economy,South African Airways,RSA,Nigeria,2026-10-13 10:00,TKT-61344226,TXN-B9BA187F,542.63
Liam Johnson,M,USA,2005-06-13,Adult,Economy,United Airlines,USA,Germany,2026-10-12 01:00,TKT-83363160,TXN-4716D979,1341.25
Noah Johnson,F,USA,1980-02-07,Adult,Economy,United Airlines,USA,Germany,2026-10-12 01:00,TKT-56381032,TXN-4716D979,1356.86
Sophia Johnson,F,USA,2015-04-10,Child,Economy,United Airlines,USA,Germany,2026-10-12 01:00,TKT-43567615,TXN-4716D979,1001.31
Leon Fischer,F,Germany,2008-05-26,Adult,Economy,Lufthansa,Germany,RSA,2026-10-07 19:00,TKT-63124147,TXN-67AF650C,1325.98
Zainab Danfulani,M,Nigeria,1980-11-29,Adult,Premium Economy,Air Peace,Nigeria,RSA,2026-10-06 08:00,TKT-39394291,TXN-FA19BE00,1507.52
Oluwaseun Danfulani,F,Nigeria,1980-07-31,Adult,Premium Economy,Air Peace,Nigeria,RSA,2026-10-06 08:00,TKT-98473848,TXN-FA19BE00,1502.91
Oluwaseun Danfulani,M,Nigeria,1957-04-17,Senior,Premium Economy,Air Peace,Nigeria,RSA,2026-10-02 19:00,TKT-65767881,TXN-8FAF0B4F,1317.36
Grace White,M,Australia,2005-05-21,Adult,Premium Economy,Qantas,Australia,Australia,2026-10-06 16:00,TKT-25457816,TXN-7CB11089,298.22
Thomas White,F,Australia,1970-10-29,Adult,Premium Economy,Qantas,Australia,Australia,2026-10-06 16:00,TKT-40281491,TXN-7CB11089,318.14
Charlotte White,M,Australia,2015-11-20,Child,Premium Economy,Qantas,Australia,Australia,2026-10-06 16:00,TKT-59093496,TXN-7CB11089,228.59
Charlotte White,F,Australia,2019-08-27,Child,Premium Economy,Qantas,Australia,Australia,2026-10-06 16:00,TKT-45495029,TXN-7CB11089,227.81
Nneka Danfulani,M,Nigeria,1967-09-16,Adult,Premium Economy,Air Peace,Nigeria,France,2026-10-07 04:00,TKT-13358751,TXN-9CA04BEB,1701.3
Chidimma Danfulani,F,Nigeria,1980-04-05,Adult,Premium Economy,Air Peace,Nigeria,France,2026-10-07 04:00,TKT-96926431,TXN-9CA04BEB,1707.72
Amina Adeleyi,F,Nigeria,1992-02-14,Adult,Economy,Air Peace,Nigeria,Nigeria,2026-10-02 02:00,TKT-62163160,TXN-21CC4B86,159.11
Babajide Danfulani,M,Nigeria,2007-04-18,Adult,Economy,Air Peace,Nigeria,Australia,2026-10-13 05:00,TKT-64776386,TXN-D6228562,1285.71
Amina Danfulani,F,Nigeria,1988-10-25,Adult,Economy,Air Peace,Nigeria,Australia,2026-10-13 05:00,TKT-39161443,TXN-D6228562,1293.52
Chidimma Danfulani,F,Nigeria,2017-01-23,Child,Economy,Air Peace,Nigeria,Australia,2026-10-13 05:00,TKT-58678896,TXN-D6228562,956.02
Nneka Adeleyi,M,Nigeria,1997-11-02,Adult,Economy,Air Peace,Nigeria,RSA,2026-10-03 15:00,TKT-16788532,TXN-CBABD683,685.66
Xian Ong,M,Singapore,1973-05-21,Adult,Premium Economy,Singapore Airlines,Singapore,USA,2026-10-10 07:00,TKT-54098516,TXN-A7F8E7FD,1344.02
Ryan Ong,F,Singapore,1970-04-04,Adult,Premium Economy,Singapore Airlines,Singapore,USA,2026-10-10 07:00,TKT-10380581,TXN-A7F8E7FD,1346.52
Ethan Miller,M,USA,2000-12-12,Adult,Economy,Delta Air Lines,USA,France,2026-10-15 01:00,TKT-53455870,TXN-DCB98BBF,1244.96
Olivia Davis,M,USA,1981-03-04,Adult,Premium Economy,Delta Air Lines,USA,Germany,2026-10-09 15:00,TKT-77624084,TXN-A9E1B07B,1654.3
Noah Davis,F,USA,1988-03-20,Adult,Premium Economy,Delta Air Lines,USA,Germany,2026-10-09 15:00,TKT-98436473,TXN-A9E1B07B,1672.3
Ethan Davis,M,USA,2019-05-20,Child,Premium Economy,Delta Air Lines,USA,Germany,2026-10-09 15:00,TKT-14180968,TXN-A9E1B07B,1261.42
Leon Meyer,M,Germany,1980-10-04,Adult,Premium Economy,Lufthansa,Germany,RSA,2026-10-09 03:00,TKT-26937148,TXN-00591963,1079.49
Mia Meyer,F,Germany,1991-09-05,Adult,Premium Economy,Lufthansa,Germany,RSA,2026-10-09 03:00,TKT-83599154,TXN-00591963,1090.34
Leon Meyer,M,Germany,2019-08-31,Child,Premium Economy,Lufthansa,Germany,RSA,2026-10-09 03:00,TKT-81210133,TXN-00591963,806.79
Mia Müller,M,Germany,1971-08-25,Adult,Business,Lufthansa,Germany,Singapore,2026-10-12 18:00,TKT-65541117,TXN-7F8AAD5D,2824.2
Sophie Müller,F,Germany,1994-09-29,Adult,Business,Lufthansa,Germany,Singapore,2026-10-12 18:00,TKT-65833185,TXN-7F8AAD5D,2823.4
Leon Müller,F,Germany,2025-08-14,Infant,Business,Lufthansa,Germany,Singapore,2026-10-12 18:00,TKT-99269266,TXN-7F8AAD5D,296.17
Nneka Okeke,M,Nigeria,1978-09-16,Adult,Premium Economy,Air Peace,Nigeria,RSA,2026-10-03 14:00,TKT-18050510,TXN-2C68DAD8,1817.17
Manon Dubois,M,France,2001-10-27,Adult,Business,Air France,France,Singapore,2026-10-13 02:00,TKT-87566910,TXN-1A2CCCE6,2423.9
Camille Dubois,F,France,1993-01-21,Adult,Business,Air France,France,Singapore,2026-10-13 02:00,TKT-40097636,TXN-1A2CCCE6,2429.56
Camille Dubois,M,France,2016-03-14,Child,Business,Air France,France,Singapore,2026-10-13 02:00,TKT-59333209,TXN-1A2CCCE6,1807.76
Gabriel Dubois,F,France,2015-04-11,Child,Business,Air France,France,Singapore,2026-10-13 02:00,TKT-40354559,TXN-1A2CCCE6,1816.23
Lucas Dubois,F,France,2025-12-02,Infant,Business,Air France,France,Singapore,2026-10-13 02:00,TKT-93446356,TXN-1A2CCCE6,227.79
Lucas Dubois,M,France,1959-09-27,Senior,Business,Air France,France,Singapore,2026-10-07 01:00,TKT-29042093,TXN-DADC6084,2083.86
Liam Brown,M,USA,1974-12-03,Adult,Economy,United Airlines,USA,Germany,2026-10-07 10:00,TKT-30881581,TXN-54942C98,706.54
Noah Brown,F,USA,1988-11-20,Adult,Economy,United Airlines,USA,Germany,2026-10-07 10:00,TKT-20949687,TXN-54942C98,707.86
Sophia Brown,M,USA,2020-02-09,Child,Economy,United Airlines,USA,Germany,2026-10-07 10:00,TKT-75184410,TXN-54942C98,520.45
Ryan Ong,M,Singapore,2006-09-22,Adult,Economy,Singapore Airlines,Singapore,RSA,2026-10-06 22:00,TKT-80723898,TXN-815A856C,1139.62
Wei Ting Ong,F,Singapore,2008-06-02,Adult,Economy,Singapore Airlines,Singapore,RSA,2026-10-06 22:00,TKT-90440034,TXN-815A856C,1139.13
Liam Johnson,M,USA,1991-09-16,Adult,Economy,United Airlines,USA,Singapore,2026-10-03 01:00,TKT-33581357,TXN-D1FAA06D,1090.98
Ava Johnson,F,USA,2005-07-13,Adult,Economy,United Airlines,USA,Singapore,2026-10-03 01:00,TKT-40884937,TXN-D1FAA06D,1086.91
Tunde Okafor,M,Nigeria,1995-10-11,Adult,Economy,Air Peace,Nigeria,Germany,2026-10-03 11:00,TKT-64280720,TXN-4B3805D4,1225.46
Nneka Okafor,F,Nigeria,2001-01-20,Adult,Economy,Air Peace,Nigeria,Germany,2026-10-03 11:00,TKT-12799319,TXN-4B3805D4,1246.04
Isla Harris,M,Australia,1998-10-28,Adult,Economy,Qantas,Australia,Singapore,2026-10-15 04:00,TKT-51644346,TXN-0DCE81A4,1049.99
Emma Smith,M,USA,2002-03-12,Adult,Economy,Delta Air Lines,USA,Australia,2026-10-05 12:00,TKT-41711468,TXN-603766D6,793.68
Ava Miller,M,USA,1969-12-30,Adult,Economy,Delta Air Lines,USA,USA,2026-10-14 21:00,TKT-85764804,TXN-8130585A,248.13
Liam Miller,F,USA,1989-01-13,Adult,Economy,Delta Air Lines,USA,USA,2026-10-14 21:00,TKT-52431444,TXN-8130585A,221.05
Sophie Meyer,F,Germany,1979-11-05,Adult,Economy,Lufthansa,Germany,France,2026-10-07 17:00,TKT-48530827,TXN-F64170A9,1037.93
Hui Ling Tan,M,Singapore,1986-04-10,Adult,Economy,Singapore Airlines,Singapore,Australia,2026-10-10 02:00,TKT-91202508,TXN-A24DF0C0,968.53
Pieter Ndlovu,M,RSA,1989-01-19,Adult,First,FlySafair,RSA,RSA,2026-10-03 17:00,TKT-43251599,TXN-45C6B2FF,715.72
Zinhle Ndlovu,F,RSA,1992-06-09,Adult,First,FlySafair,RSA,RSA,2026-10-03 17:00,TKT-91846696,TXN-45C6B2FF,711.19
Camille Petit,M,France,1983-09-26,Adult,Economy,Air France,France,Germany,2026-10-02 21:00,TKT-54250344,TXN-224F9C15,722.35
Louis Petit,F,France,1976-04-19,Adult,Economy,Air France,France,Germany,2026-10-02 21:00,TKT-48137561,TXN-224F9C15,727.55
Charlotte Wilson,M,Australia,1994-11-16,Adult,Economy,Qantas,Australia,France,2026-10-04 12:00,TKT-89865081,TXN-24EDCD08,783.77
Nneka Adeleyi,M,Nigeria,2007-12-12,Adult,Economy,Air Peace,Nigeria,Singapore,2026-10-15 22:00,TKT-66828640,TXN-4118BCF3,1331.88
Zainab Adeleyi,F,Nigeria,1993-06-08,Adult,Economy,Air Peace,Nigeria,Singapore,2026-10-15 22:00,TKT-34194479,TXN-4118BCF3,1349.43
Zainab Adeleyi,M,Nigeria,2022-03-19,Child,Economy,Air Peace,Nigeria,Singapore,2026-10-15 22:00,TKT-75266178,TXN-4118BCF3,1017.0
Chidimma Adeleyi,F,Nigeria,2021-06-08,Child,Economy,Air Peace,Nigeria,Singapore,2026-10-15 22:00,TKT-30796389,TXN-4118BCF3,1012.33
Zinhle Smit,F,RSA,1976-05-31,Adult,Economy,South African Airways,RSA,Singapore,2026-10-14 20:00,TKT-93851247,TXN-C37B0F9F,1357.13
Leon Schneider,M,Germany,1972-06-28,Adult,Business,Lufthansa,Germany,Nigeria,2026-10-11 10:00,TKT-42100652,TXN-22EFF70C,3835.73
Mia Schneider,F,Germany,1978-05-03,Adult,Business,Lufthansa,Germany,Nigeria,2026-10-11 10:00,TKT-36040410,TXN-22EFF70C,3840.61
Lina Schneider,M,Germany,2016-02-15,Child,Business,Lufthansa,Germany,Nigeria,2026-10-11 10:00,TKT-69135982,TXN-22EFF70C,2863.85
Lina Weber,M,Germany,1969-07-21,Adult,Business,Lufthansa,Germany,Australia,2026-10-15 07:00,TKT-96057593,TXN-3849C794,2245.74
Sophie Weber,F,Germany,1995-12-23,Adult,Business,Lufthansa,Germany,Australia,2026-10-15 07:00,TKT-23769360,TXN-3849C794,2237.12
Leon Weber,F,Germany,2025-05-29,Infant,Business,Lufthansa,Germany,Australia,2026-10-15 07:00,TKT-31516757,TXN-3849C794,237.12
Ava Brown,F,USA,1998-09-10,Adult,Premium Economy,Delta Air Lines,USA,RSA,2026-10-07 01:00,TKT-20952896,TXN-A88459B8,1553.35
Pieter Mokoena,M,RSA,1981-02-28,Adult,Premium Economy,FlySafair,RSA,Nigeria,2026-10-04 02:00,TKT-72962895,TXN-D2DE7C00,1173.16
Johan Khoza,M,RSA,1995-04-03,Adult,Premium Economy,South African Airways,RSA,France,2026-10-10 20:00,TKT-48668339,TXN-A1C7F477,1133.16
Lethabo Khoza,F,RSA,1980-02-07,Adult,Premium Economy,South African Airways,RSA,France,2026-10-10 20:00,TKT-42002808,TXN-A1C7F477,1153.32
Leon Müller,M,Germany,1989-07-05,Adult,Economy,Lufthansa,Germany,RSA,2026-10-02 21:00,TKT-29270557,TXN-B18D8A87,882.05
Hannah Müller,F,Germany,1983-03-02,Adult,Economy,Lufthansa,Germany,RSA,2026-10-02 21:00,TKT-57354167,TXN-B18D8A87,894.5
Emeka Danfulani,M,Nigeria,1991-04-01,Adult,Economy,Air Peace,Nigeria,RSA,2026-10-10 18:00,TKT-84377016,TXN-9771FCF1,1180.2
Tunde Danfulani,F,Nigeria,1992-01-07,Adult,Economy,Air Peace,Nigeria,RSA,2026-10-10 18:00,TKT-15843091,TXN-9771FCF1,1161.61
Zinhle Van der Merwe,M,RSA,2006-10-10,Adult,Economy,South African Airways,RSA,Singapore,2026-10-13 22:00,TKT-54629892,TXN-D28DD1D5,1240.57
Zinhle Van der Merwe,F,RSA,1971-07-07,Adult,Economy,South African Airways,RSA,Singapore,2026-10-13 22:00,TKT-55439043,TXN-D28DD1D5,1253.37
Hannah Meyer,M,Germany,1969-01-11,Adult,Premium Economy,Lufthansa,Germany,Germany,2026-10-03 23:00,TKT-15879578,TXN-3304B2ED,242.76
Felix Meyer,F,Germany,1972-03-09,Adult,Premium Economy,Lufthansa,Germany,Germany,2026-10-03 23:00,TKT-51617680,TXN-3304B2ED,257.79
Maximilian Meyer,F,Germany,2016-04-21,Child,Premium Economy,Lufthansa,Germany,Germany,2026-10-03 23:00,TKT-43999198,TXN-3304B2ED,196.78
Chloe Thomas,M,France,2000-05-20,Adult,Business,Air France,France,Singapore,2026-10-07 09:00,TKT-61894582,TXN-74BB59EA,3519.89
Mia Schneider,M,Germany,2004-02-29,Adult,Premium Economy,Lufthansa,Germany,Singapore,2026-10-13 14:00,TKT-49428661,TXN-191C9077,1799.4
Emeka Adeleyi,M,Nigeria,1976-02-28,Adult,Economy,Air Peace,Nigeria,France,2026-10-08 06:00,TKT-70012727,TXN-D965675F,1020.1
Tunde Adeleyi,F,Nigeria,1996-06-12,Adult,Economy,Air Peace,Nigeria,France,2026-10-08 06:00,TKT-57319709,TXN-D965675F,1013.18
Wei Ting Tan,M,Singapore,1958-12-18,Senior,Economy,Singapore Airlines,Singapore,RSA,2026-10-14 22:00,TKT-68810561,TXN-88E5EF4A,1196.62
Cheryl Wong,M,Singapore,1992-01-28,Adult,Economy,Singapore Airlines,Singapore,France,2026-10-11 02:00,TKT-70387584,TXN-2B5225E9,1343.32
Xian Wong,F,Singapore,1985-01-05,Adult,Economy,Singapore Airlines,Singapore,France,2026-10-11 02:00,TKT-20319387,TXN-2B5225E9,1341.01
Camille Dubois,M,France,1997-01-08,Adult,Business,Air France,France,France,2026-10-02 06:00,TKT-85386435,TXN-B7CCECD8,709.05
Manon Dubois,F,France,1981-04-26,Adult,Business,Air France,France,France,2026-10-02 06:00,TKT-69897763,TXN-B7CCECD8,694.37
Mia Schmidt,M,Germany,1976-12-07,Adult,Business,Lufthansa,Germany,RSA,2026-10-09 06:00,TKT-52894344,TXN-32DA210F,4300.55
Leon Schmidt,F,Germany,1968-10-12,Adult,Business,Lufthansa,Germany,RSA,2026-10-09 06:00,TKT-82769008,TXN-32DA210F,4307.6
Alexander Schmidt,M,Germany,2015-11-08,Child,Business,Lufthansa,Germany,RSA,2026-10-09 06:00,TKT-31139996,TXN-32DA210F,3231.04
Emma Smith,F,USA,2005-10-24,Adult,Economy,Delta Air Lines,USA,USA,2026-10-09 01:00,TKT-92134318,TXN-0C895B73,147.28
Nneka Danfulani,M,Nigeria,2003-01-03,Adult,Premium Economy,Air Peace,Nigeria,Germany,2026-10-15 19:00,TKT-72523073,TXN-B94D3BE9,1676.34
Xian Ong,M,Singapore,1995-02-14,Adult,Premium Economy,Singapore Airlines,Singapore,Nigeria,2026-10-04 14:00,TKT-26664623,TXN-900FF8DC,1048.94
Mei Ling Ong,F,Singapore,1993-03-29,Adult,Premium Economy,Singapore Airlines,Singapore,Nigeria,2026-10-04 14:00,TKT-53306792,TXN-900FF8DC,1072.42
Jack White,M,Australia,1982-03-20,Adult,Economy,Qantas,Australia,Singapore,2026-10-12 18:00,TKT-77454225,TXN-AC7BC33B,758.25
Noah Johnson,M,USA,1979-07-22,Adult,Premium Economy,United Airlines,USA,Nigeria,2026-10-11 02:00,TKT-87412924,TXN-D4E6A919,1950.32
Jackson Johnson,F,USA,1981-01-13,Adult,Premium Economy,United Airlines,USA,Nigeria,2026-10-11 02:00,TKT-86790955,TXN-D4E6A919,1963.17
Noah Johnson,M,USA,2025-10-27,Infant,Premium Economy,United Airlines,USA,Nigeria,2026-10-11 02:00,TKT-76845536,TXN-D4E6A919,195.39
Xian Wong,F,Singapore,1994-09-28,Adult,Economy,Singapore Airlines,Singapore,Germany,2026-10-13 02:00,TKT-91424562,TXN-8234BF28,1008.84
Manon Dubois,M,France,1987-11-03,Adult,First,Air France,France,Singapore,2026-10-04 12:00,TKT-52831009,TXN-1EC1553A,4157.68
Manon Dubois,F,France,2002-06-11,Adult,First,Air France,France,Singapore,2026-10-04 12:00,TKT-70343755,TXN-1EC1553A,4156.9
Inès Petit,M,France,1985-09-03,Adult,Economy,Air France,France,Singapore,2026-10-15 06:00,TKT-31386576,TXN-B73A04FD,843.0
Inès Petit,F,France,2007-09-22,Adult,Economy,Air France,France,Singapore,2026-10-15 06:00,TKT-51411602,TXN-B73A04FD,831.7
Inès Petit,F,France,2022-01-19,Child,Economy,Air France,France,Singapore,2026-10-15 06:00,TKT-62780072,TXN-B73A04FD,624.45
Lucas Martin,M,France,1970-10-05,Adult,Economy,Air France,France,RSA,2026-10-15 21:00,TKT-82033413,TXN-094740A1,930.22
Louis Martin,F,France,1976-02-17,Adult,Economy,Air France,France,RSA,2026-10-15 21:00,TKT-27976443,TXN-094740A1,937.97
Leon Schneider,F,Germany,1971-09-29,Adult,Economy,Lufthansa,Germany,RSA,2026-10-10 07:00,TKT-83800569,TXN-061E3853,1125.67
Tunde Obi,M,Nigeria,1986-05-01,Adult,First,Air Peace,Nigeria,RSA,2026-10-08 12:00,TKT-36717096,TXN-B870DB0E,4369.71
Oluwaseun Obi,F,Nigeria,1976-10-02,Adult,First,Air Peace,Nigeria,RSA,2026-10-08 12:00,TKT-15222944,TXN-B870DB0E,4378.49
Amina Obi,F,Nigeria,2023-01-30,Child,First,Air Peace,Nigeria,RSA,2026-10-08 12:00,TKT-73584863,TXN-B870DB0E,3290.81
Grace Wilson,M,Australia,1976-12-21,Adult,Economy,Qantas,Australia,France,2026-10-11 10:00,TKT-78412668,TXN-92D489AE,1170.89
Oliver Wilson,F,Australia,1992-03-28,Adult,Economy,Qantas,Australia,France,2026-10-11 10:00,TKT-73739005,TXN-92D489AE,1163.94
Anika Ndlovu,M,RSA,1979-05-10,Adult,Premium Economy,FlySafair,RSA,Australia,2026-10-13 23:00,TKT-73698420,TXN-BE9F852D,1899.99
Johan Ndlovu,F,RSA,1976-05-27,Adult,Premium Economy,FlySafair,RSA,Australia,2026-10-13 23:00,TKT-87641510,TXN-BE9F852D,1878.04
Mia Schmidt,F,Germany,1989-12-23,Adult,Economy,Lufthansa,Germany,Australia,2026-10-12 08:00,TKT-69195194,TXN-CC5866BB,658.54
Tunde Balogun,M,Nigeria,1994-09-09,Adult,Business,Air Peace,Nigeria,Germany,2026-10-13 02:00,TKT-74205866,TXN-66BE456F,4263.3
Nneka Balogun,F,Nigeria,1984-04-04,Adult,Business,Air Peace,Nigeria,Germany,2026-10-13 02:00,TKT-71694994,TXN-66BE456F,4245.23
Babajide Balogun,F,Nigeria,2017-11-29,Child,Business,Air Peace,Nigeria,Germany,2026-10-13 02:00,TKT-96343485,TXN-66BE456F,3186.73
Ava Williams,M,USA,1983-08-15,Adult,Economy,United Airlines,USA,Australia,2026-10-06 10:00,TKT-74398125,TXN-8DF6CB41,987.01
Noah Williams,F,USA,2003-04-19,Adult,Economy,United Airlines,USA,Australia,2026-10-06 10:00,TKT-46702849,TXN-8DF6CB41,976.2
Jackson Williams,F,USA,2020-04-29,Child,Economy,United Airlines,USA,Australia,2026-10-06 10:00,TKT-82905845,TXN-8DF6CB41,740.05
Mei Ling Lim,F,Singapore,1971-08-16,Adult,Economy,Singapore Airlines,Singapore,France,2026-10-13 03:00,TKT-38720823,TXN-428F42A5,1141.16
Amelia Thompson,M,Australia,1960-08-13,Senior,Economy,Qantas,Australia,France,2026-10-13 19:00,TKT-95623471,TXN-B581C512,780.91
Inès Dubois,M,France,1987-05-07,Adult,Economy,Air France,France,Germany,2026-10-04 01:00,TKT-97629787,TXN-E5137E78,1070.52
Chloe Dubois,F,France,1995-12-17,Adult,Economy,Air France,France,Germany,2026-10-04 01:00,TKT-48553376,TXN-E5137E78,1070.38
Manon Dubois,M,France,2018-10-02,Child,Economy,Air France,France,Germany,2026-10-04 01:00,TKT-22007214,TXN-E5137E78,806.66
Hugo Dubois,F,France,2020-01-25,Child,Economy,Air France,France,Germany,2026-10-04 01:00,TKT-15006085,TXN-E5137E78,810.97
Lucas Dubois,M,France,2025-07-22,Infant,Economy,Air France,France,Germany,2026-10-04 01:00,TKT-33593960,TXN-E5137E78,115.24
Noah Davis,M,USA,1988-05-19,Adult,Business,United Airlines,USA,Singapore,2026-10-02 10:00,TKT-54968591,TXN-BB7E24C4,2443.47
Sophia Davis,F,USA,1968-11-15,Adult,Business,United Airlines,USA,Singapore,2026-10-02 10:00,TKT-82920556,TXN-BB7E24C4,2441.96
Cheryl Ong,F,Singapore,1973-04-17,Adult,Economy,Singapore Airlines,Singapore,Germany,2026-10-03 11:00,TKT-11890348,TXN-15FFD006,833.85
Nneka Balogun,F,Nigeria,1997-08-20,Adult,Premium Economy,Air Peace,Nigeria,USA,2026-10-10 11:00,TKT-74082804,TXN-FA5D92DE,1174.7
Sophie Schmidt,M,Germany,1987-11-20,Adult,Business,Lufthansa,Germany,Germany,2026-10-06 19:00,TKT-18338186,TXN-758994B6,570.2
Leon Schmidt,F,Germany,1977-10-19,Adult,Business,Lufthansa,Germany,Germany,2026-10-06 19:00,TKT-64414096,TXN-758994B6,564.52
Mia Schmidt,F,Germany,2026-01-18,Infant,Business,Lufthansa,Germany,Germany,2026-10-06 19:00,TKT-49599276,TXN-758994B6,49.17
Emma Brown,F,USA,1985-03-11,Adult,Premium Economy,United Airlines,USA,USA,2026-10-11 12:00,TKT-43214247,TXN-54CCA662,260.9
Chidimma Adeleyi,F,Nigeria,1978-04-01,Adult,Economy,Air Peace,Nigeria,RSA,2026-10-10 17:00,TKT-69302835,TXN-12BAD95E,1173.16
Oliver Harris,M,Australia,1983-09-12,Adult,Premium Economy,Qantas,Australia,RSA,2026-10-09 05:00,TKT-85686878,TXN-158D6143,1674.37
Oliver Harris,F,Australia,1991-01-01,Adult,Premium Economy,Qantas,Australia,RSA,2026-10-09 05:00,TKT-51361818,TXN-158D6143,1668.13
Thabo Mokoena,M,RSA,1995-11-20,Adult,Economy,South African Airways,RSA,USA,2026-10-07 23:00,TKT-73360324,TXN-59B49BE5,717.27
Xian Lim,M,Singapore,1979-06-13,Adult,Economy,Singapore Airlines,Singapore,Singapore,2026-10-08 15:00,TKT-98824290,TXN-BC1BA6C3,150.81
Xian Lim,F,Singapore,1984-08-30,Adult,Economy,Singapore Airlines,Singapore,Singapore,2026-10-08 15:00,TKT-25922674,TXN-BC1BA6C3,136.79
Mei Ling Lim,F,Singapore,2015-05-23,Child,Economy,Singapore Airlines,Singapore,Singapore,2026-10-08 15:00,TKT-27092236,TXN-BC1BA6C3,90.1
Thabo Van der Merwe,F,RSA,1972-06-14,Adult,Economy,FlySafair,RSA,Germany,2026-10-15 08:00,TKT-25145751,TXN-984FA4E2,1396.81
Thomas Taylor,M,Australia,1989-01-27,Adult,Economy,Qantas,Australia,USA,2026-10-11 02:00,TKT-15937353,TXN-7FC48325,892.03
Noah Smith,M,USA,1969-06-16,Adult,Economy,United Airlines,USA,USA,2026-10-13 19:00,TKT-41796721,TXN-EA8E6CBD,191.3
Amina Obi,M,Nigeria,2006-08-29,Adult,Economy,Air Peace,Nigeria,USA,2026-10-02 18:00,TKT-67337891,TXN-D3EF6F69,1305.17
Tunde Obi,F,Nigeria,1973-07-07,Adult,Economy,Air Peace,Nigeria,USA,2026-10-02 18:00,TKT-96344420,TXN-D3EF6F69,1291.73
Tunde Obi,M,Nigeria,2023-01-29,Child,Economy,Air Peace,Nigeria,USA,2026-10-02 18:00,TKT-65878146,TXN-D3EF6F69,962.25
Amina Obi,F,Nigeria,2022-01-18,Child,Economy,Air Peace,Nigeria,USA,2026-10-02 18:00,TKT-34679818,TXN-D3EF6F69,978.73
Oluwaseun Obi,M,Nigeria,2025-05-15,Infant,Economy,Air Peace,Nigeria,USA,2026-10-02 18:00,TKT-50364158,TXN-D3EF6F69,141.54
Amelia Harris,F,Australia,1960-08-21,Senior,Economy,Qantas,Australia,Germany,2026-10-06 07:00,TKT-22410307,TXN-8702870F,919.15
Babajide Obi,M,Nigeria,1967-12-28,Adult,Business,Air Peace,Nigeria,Australia,2026-10-05 19:00,TKT-54689713,TXN-98FBDDF4,2747.06
Chidimma Obi,F,Nigeria,1975-04-06,Adult,Business,Air Peace,Nigeria,Australia,2026-10-05 19:00,TKT-35504548,TXN-98FBDDF4,2776.59
Zainab Obi,F,Nigeria,2016-12-13,Child,Business,Air Peace,Nigeria,Australia,2026-10-05 19:00,TKT-74279671,TXN-98FBDDF4,2074.33
Noah Brown,M,USA,1992-08-18,Adult,Premium Economy,United Airlines,USA,USA,2026-10-08 15:00,TKT-51395738,TXN-7387E93B,316.88
Sophia Brown,F,USA,2004-05-04,Adult,Premium Economy,United Airlines,USA,USA,2026-10-08 15:00,TKT-76743428,TXN-7387E93B,325.58
Babajide Okeke,F,Nigeria,1983-12-11,Adult,Business,Air Peace,Nigeria,Singapore,2026-10-07 11:00,TKT-12176998,TXN-2CE1A849,2569.84
William Thompson,F,Australia,1974-07-10,Adult,Economy,Qantas,Australia,Germany,2026-10-07 08:00,TKT-55307111,TXN-A4A95340,1329.65
Emeka Danfulani,F,Nigeria,1971-02-15,Adult,Economy,Air Peace,Nigeria,Nigeria,2026-10-13 12:00,TKT-80322629,TXN-E4787BCC,145.4
Cheryl Wong,F,Singapore,2006-01-19,Adult,Economy,Singapore Airlines,Singapore,RSA,2026-10-15 21:00,TKT-71204580,TXN-0941C3E9,1170.54
Emeka Obi,M,Nigeria,1950-07-13,Senior,Economy,Air Peace,Nigeria,Germany,2026-10-10 18:00,TKT-48478684,TXN-1299C30E,1087.59
Tunde Okeke,M,Nigeria,2005-03-21,Adult,Economy,Air Peace,Nigeria,Singapore,2026-10-03 17:00,TKT-45879718,TXN-4D1DE5D2,1008.19
Maximilian Fischer,M,Germany,2004-07-27,Adult,First,Lufthansa,Germany,Australia,2026-10-05 10:00,TKT-97742922,TXN-2D3E98EA,4023.16
Lina Fischer,F,Germany,2006-03-31,Adult,First,Lufthansa,Germany,Australia,2026-10-05 10:00,TKT-60622842,TXN-2D3E98EA,4030.1
Emeka Balogun,M,Nigeria,1998-06-16,Adult,Premium Economy,Air Peace,Nigeria,RSA,2026-10-12 11:00,TKT-80888325,TXN-9E1BE2EB,1111.84
Amina Balogun,F,Nigeria,1996-08-08,Adult,Premium Economy,Air Peace,Nigeria,RSA,2026-10-12 11:00,TKT-86072480,TXN-9E1BE2EB,1106.9
Siyabonga Mokoena,F,RSA,1995-05-04,Adult,Economy,South African Airways,RSA,France,2026-10-15 11:00,TKT-63458386,TXN-7125E9FD,1368.87
Ava Miller,M,USA,2006-05-10,Adult,Economy,United Airlines,USA,Singapore,2026-10-10 11:00,TKT-20526386,TXN-612B710C,1342.93
Olivia Smith,M,USA,1992-10-20,Adult,Business,United Airlines,USA,France,2026-10-07 01:00,TKT-75847681,TXN-FF8D9DB0,3556.79
Jackson Smith,F,USA,2000-06-06,Adult,Business,United Airlines,USA,France,2026-10-07 01:00,TKT-60388958,TXN-FF8D9DB0,3560.59
Tunde Okeke,M,Nigeria,1994-07-23,Adult,Premium Economy,Air Peace,Nigeria,RSA,2026-10-13 03:00,TKT-30706693,TXN-E2CC4394,1944.32
Lethabo Khoza,F,RSA,2004-02-17,Adult,Economy,FlySafair,RSA,France,2026-10-06 04:00,TKT-78778646,TXN-CC6C8D57,1203.79
Hugo Richard,M,France,1978-01-08,Adult,Business,Air France,France,RSA,2026-10-02 10:00,TKT-42580349,TXN-BFD3B954,3906.82
Noah Williams,F,USA,1997-09-13,Adult,Economy,United Airlines,USA,France,2026-10-03 06:00,TKT-58469365,TXN-D21D25AF,734.63
Lina Weber,M,Germany,1993-09-30,Adult,Economy,Lufthansa,Germany,Australia,2026-10-04 10:00,TKT-54230340,TXN-DC9A9EB4,1036.92
Hui Ling Wong,M,Singapore,1982-12-06,Adult,Economy,Singapore Airlines,Singapore,Australia,2026-10-11 23:00,TKT-49117508,TXN-DBC880BA,984.46
Lucas Petit,M,France,1976-02-22,Adult,Economy,Air France,France,France,2026-10-11 07:00,TKT-83833059,TXN-2B0FE593,164.85
Inès Petit,F,France,1972-12-24,Adult,Economy,Air France,France,France,2026-10-11 07:00,TKT-38138531,TXN-2B0FE593,159.74
Chidimma Okafor,F,Nigeria,1988-08-14,Adult,Economy,Air Peace,Nigeria,Singapore,2026-10-04 21:00,TKT-60598851,TXN-4C45DC8F,1097.72
Mia Weber,M,Germany,2001-04-20,Adult,Economy,Lufthansa,Germany,Germany,2026-10-14 12:00,TKT-43316996,TXN-F4101C7A,151.41
Felix Weber,F,Germany,1975-01-01,Adult,Economy,Lufthansa,Germany,Germany,2026-10-14 12:00,TKT-15945401,TXN-F4101C7A,141.95
Sophie Weber,M,Germany,2024-08-19,Child,Economy,Lufthansa,Germany,Germany,2026-10-14 12:00,TKT-67774765,TXN-F4101C7A,98.21
Sophia Miller,M,USA,2004-01-28,Adult,Economy,Delta Air Lines,USA,Nigeria,2026-10-08 15:00,TKT-13296743,TXN-086C5348,996.86
Emma Miller,F,USA,1971-06-22,Adult,Economy,Delta Air Lines,USA,Nigeria,2026-10-08 15:00,TKT-21523236,TXN-086C5348,1016.22
Ava Miller,M,USA,2021-04-03,Child,Economy,Delta Air Lines,USA,Nigeria,2026-10-08 15:00,TKT-29015320,TXN-086C5348,747.54
Jun Jie Lim,M,Singapore,2007-10-01,Adult,Economy,Singapore Airlines,Singapore,Australia,2026-10-03 15:00,TKT-15997257,TXN-E9CF9590,967.48
Jun Jie Lim,F,Singapore,1978-05-22,Adult,Economy,Singapore Airlines,Singapore,Australia,2026-10-03 15:00,TKT-96969050,TXN-E9CF9590,966.0
Xian Lim,M,Singapore,2018-07-25,Child,Economy,Singapore Airlines,Singapore,Australia,2026-10-03 15:00,TKT-42737441,TXN-E9CF9590,707.55
Grace Harris,F,Australia,1982-03-14,Adult,Premium Economy,Qantas,Australia,Germany,2026-10-12 06:00,TKT-36484437,TXN-A7323BA2,1914.89
Kagiso Mokoena,M,RSA,1994-02-21,Adult,Economy,South African Airways,RSA,USA,2026-10-13 03:00,TKT-35093324,TXN-0980DD41,1189.91
Anika Mokoena,F,RSA,1978-09-05,Adult,Economy,South African Airways,RSA,USA,2026-10-13 03:00,TKT-25294777,TXN-0980DD41,1209.88
Charlotte Thompson,M,Australia,1978-08-13,Adult,Economy,Qantas,Australia,France,2026-10-11 04:00,TKT-49922369,TXN-78AF93AA,1328.02
Zinhle Dlamini,M,RSA,1982-12-24,Adult,Economy,South African Airways,RSA,France,2026-10-13 05:00,TKT-90050918,TXN-8DF0E634,1074.51
Pieter Dlamini,F,RSA,1980-04-03,Adult,Economy,South African Airways,RSA,France,2026-10-13 05:00,TKT-34931439,TXN-8DF0E634,1079.12
Amina Balogun,F,Nigeria,2002-08-22,Adult,Economy,Air Peace,Nigeria,Australia,2026-10-04 06:00,TKT-11286267,TXN-CACA11B1,1007.85
Maximilian Weber,M,Germany,1973-01-23,Adult,Economy,Lufthansa,Germany,Australia,2026-10-09 14:00,TKT-85886408,TXN-8EF785FD,741.83
Maximilian Weber,F,Germany,1996-06-07,Adult,Economy,Lufthansa,Germany,Australia,2026-10-09 14:00,TKT-49203644,TXN-8EF785FD,725.75
Alexander Weber,M,Germany,2015-12-31,Child,Economy,Lufthansa,Germany,Australia,2026-10-09 14:00,TKT-48744673,TXN-8EF785FD,549.22
Zainab Okeke,M,Nigeria,1989-09-10,Adult,Economy,Air Peace,Nigeria,Australia,2026-10-06 18:00,TKT-69239219,TXN-649C0AB9,1374.07
Zainab Okeke,F,Nigeria,1995-05-30,Adult,Economy,Air Peace,Nigeria,Australia,2026-10-06 18:00,TKT-97734330,TXN-649C0AB9,1397.24
Amina Okeke,M,Nigeria,2021-10-21,Child,Economy,Air Peace,Nigeria,Australia,2026-10-06 18:00,TKT-14325890,TXN-649C0AB9,1034.96
Derrick Tan,M,Singapore,2001-04-26,Adult,Premium Economy,Singapore Airlines,Singapore,Germany,2026-10-05 07:00,TKT-91907952,TXN-4CFB2859,2068.98
Mei Ling Tan,F,Singapore,1972-08-19,Adult,Premium Economy,Singapore Airlines,Singapore,Germany,2026-10-05 07:00,TKT-37732020,TXN-4CFB2859,2052.28
Ryan Tan,F,Singapore,2018-01-22,Child,Premium Economy,Singapore Airlines,Singapore,Germany,2026-10-05 07:00,TKT-57085656,TXN-4CFB2859,1550.29
Lucas Dubois,M,France,1996-04-28,Adult,Economy,Air France,France,France,2026-10-15 17:00,TKT-65243509,TXN-A47E46FE,165.01
Hugo Dubois,F,France,1997-07-25,Adult,Economy,Air France,France,France,2026-10-15 17:00,TKT-27030641,TXN-A47E46FE,143.39
Manon Dubois,M,France,2016-03-19,Child,Economy,Air France,France,France,2026-10-15 17:00,TKT-53231088,TXN-A47E46FE,125.81
Inès Dubois,F,France,2023-02-27,Child,Economy,Air France,France,France,2026-10-15 17:00,TKT-62707402,TXN-A47E46FE,117.82
Gabriel Dubois,M,France,2025-08-13,Infant,Economy,Air France,France,France,2026-10-15 17:00,TKT-46066605,TXN-A47E46FE,13.96
Amina Okafor,M,Nigeria,1980-04-14,Adult,Economy,Air Peace,Nigeria,Germany,2026-10-07 15:00,TKT-22501261,TXN-B3AB103A,656.92
Chidimma Okafor,F,Nigeria,1973-01-26,Adult,Economy,Air Peace,Nigeria,Germany,2026-10-07 15:00,TKT-58079840,TXN-B3AB103A,653.03
Tunde Okafor,M,Nigeria,2015-07-03,Child,Economy,Air Peace,Nigeria,Germany,2026-10-07 15:00,TKT-39236638,TXN-B3AB103A,480.36
Nneka Okafor,F,Nigeria,2015-06-19,Child,Economy,Air Peace,Nigeria,Germany,2026-10-07 15:00,TKT-46042404,TXN-B3AB103A,482.51
Jack Martin,M,Australia,1988-12-19,Adult,Premium Economy,Qantas,Australia,USA,2026-10-12 02:00,TKT-26674831,TXN-2E31475F,997.7
Leon Schmidt,M,Germany,2005-01-24,Adult,Business,Lufthansa,Germany,Nigeria,2026-10-06 06:00,TKT-58376818,TXN-98F4AABE,4220.16
Alexander Schmidt,F,Germany,2006-06-10,Adult,Business,Lufthansa,Germany,Nigeria,2026-10-06 06:00,TKT-97095388,TXN-98F4AABE,4220.89
Hannah Schmidt,M,Germany,2019-12-09,Child,Business,Lufthansa,Germany,Nigeria,2026-10-06 06:00,TKT-51004756,TXN-98F4AABE,3172.66
Chidimma Okafor,F,Nigeria,1970-03-04,Adult,Economy,Air Peace,Nigeria,RSA,2026-10-04 19:00,TKT-56113741,TXN-EFF04F8F,1359.67
Liam Brown,F,USA,2005-09-11,Adult,Economy,Delta Air Lines,USA,RSA,2026-10-13 04:00,TKT-27870584,TXN-861C21FD,1041.92
Pieter Smit,M,RSA,1970-03-10,Adult,Economy,South African Airways,RSA,Nigeria,2026-10-13 07:00,TKT-65258766,TXN-71B58077,796.52
Zinhle Smit,F,RSA,1975-01-04,Adult,Economy,South African Airways,RSA,Nigeria,2026-10-13 07:00,TKT-23484199,TXN-71B58077,793.69
Babajide Okeke,M,Nigeria,1961-03-12,Senior,Economy,Air Peace,Nigeria,France,2026-10-04 08:00,TKT-91549765,TXN-010EE72D,1148.04
Chidimma Adeleyi,M,Nigeria,1997-12-13,Adult,Premium Economy,Air Peace,Nigeria,USA,2026-10-06 21:00,TKT-61792685,TXN-BE28982A,1733.99
Charlotte Taylor,F,Australia,2008-01-06,Adult,First,Qantas,Australia,Australia,2026-10-07 05:00,TKT-73218512,TXN-C8A84818,904.62
Lethabo Van der Merwe,M,RSA,1989-10-06,Adult,Business,South African Airways,RSA,USA,2026-10-14 13:00,TKT-77249653,TXN-E1D85CEC,4143.65
Zinhle Van der Merwe,F,RSA,1996-04-25,Adult,Business,South African Airways,RSA,USA,2026-10-14 13:00,TKT-21063273,TXN-E1D85CEC,4125.11
Siyabonga Smit,M,RSA,1994-11-07,Adult,Economy,South African Airways,RSA,USA,2026-10-08 19:00,TKT-96322745,TXN-A5713705,1320.96
Thabo Smit,F,RSA,1997-10-18,Adult,Economy,South African Airways,RSA,USA,2026-10-08 19:00,TKT-42029368,TXN-A5713705,1302.59
Lina Müller,M,Germany,1993-03-18,Adult,Economy,Lufthansa,Germany,Germany,2026-10-13 22:00,TKT-31989243,TXN-38F79982,122.69
Alexander Müller,F,Germany,1992-01-31,Adult,Economy,Lufthansa,Germany,Germany,2026-10-13 22:00,TKT-44795538,TXN-38F79982,110.81
Sophie Müller,M,Germany,2026-08-02,Infant,Economy,Lufthansa,Germany,Germany,2026-10-13 22:00,TKT-46072958,TXN-38F79982,7.25
Alexander Schneider,F,Germany,1992-04-08,Adult,Economy,Lufthansa,Germany,Australia,2026-10-11 21:00,TKT-86086168,TXN-C400955E,1150.72
Derrick Tan,F,Singapore,1967-06-27,Adult,Economy,Singapore Airlines,Singapore,Australia,2026-10-10 01:00,TKT-58852098,TXN-9EA26F9F,1122.5
Cheryl Tan,M,Singapore,2003-05-29,Adult,Economy,Singapore Airlines,Singapore,Australia,2026-10-05 14:00,TKT-86710258,TXN-EBC0208C,729.06
Xian Tan,F,Singapore,1998-10-02,Adult,Economy,Singapore Airlines,Singapore,Australia,2026-10-05 14:00,TKT-17069536,TXN-EBC0208C,738.13
Derrick Tan,M,Singapore,2023-12-24,Child,Economy,Singapore Airlines,Singapore,Australia,2026-10-05 14:00,TKT-16164431,TXN-EBC0208C,558.06
Ryan Tan,F,Singapore,2021-01-30,Child,Economy,Singapore Airlines,Singapore,Australia,2026-10-05 14:00,TKT-47890586,TXN-EBC0208C,534.34
Hannah Müller,M,Germany,1975-11-28,Adult,Economy,Lufthansa,Germany,France,2026-10-14 10:00,TKT-76217748,TXN-B4662EA9,1267.01
Alexander Müller,F,Germany,2008-06-23,Adult,Economy,Lufthansa,Germany,France,2026-10-14 10:00,TKT-42900372,TXN-B4662EA9,1267.97
Hannah Müller,F,Germany,2025-02-24,Infant,Economy,Lufthansa,Germany,France,2026-10-14 10:00,TKT-13209180,TXN-B4662EA9,120.89
Mei Ling Wong,M,Singapore,1989-12-06,Adult,Economy,Singapore Airlines,Singapore,RSA,2026-10-12 13:00,TKT-81110496,TXN-57FB5C0C,859.76
Xian Wong,F,Singapore,1976-11-03,Adult,Economy,Singapore Airlines,Singapore,RSA,2026-10-12 13:00,TKT-18038980,TXN-57FB5C0C,853.39
Mei Ling Wong,M,Singapore,2015-04-09,Child,Economy,Singapore Airlines,Singapore,RSA,2026-10-12 13:00,TKT-15892193,TXN-57FB5C0C,645.59
Emeka Adeleyi,M,Nigeria,1989-04-02,Adult,Economy,Air Peace,Nigeria,Germany,2026-10-10 05:00,TKT-20043577,TXN-BD50EA28,1057.87
Zainab Adeleyi,F,Nigeria,1995-09-06,Adult,Economy,Air Peace,Nigeria,Germany,2026-10-10 05:00,TKT-27543369,TXN-BD50EA28,1045.83
Hugo Petit,M,France,2004-01-09,Adult,Economy,Air France,France,Nigeria,2026-10-06 08:00,TKT-24626086,TXN-52EE3622,1237.93
Sophie Schneider,M,Germany,2004-09-15,Adult,Economy,Lufthansa,Germany,Germany,2026-10-14 07:00,TKT-45568761,TXN-927CEF54,227.73
Maximilian Schneider,F,Germany,1999-02-13,Adult,Economy,Lufthansa,Germany,Germany,2026-10-14 07:00,TKT-50831043,TXN-927CEF54,248.08
Gabriel Bernard,M,France,1970-06-06,Adult,Business,Air France,France,RSA,2026-10-08 17:00,TKT-14171767,TXN-5CBD60CB,2648.17
Zainab Obi,M,Nigeria,1952-10-23,Senior,Economy,Air Peace,Nigeria,USA,2026-10-14 05:00,TKT-27544302,TXN-68F9C6ED,785.47
Oluwaseun Danfulani,M,Nigeria,2004-08-21,Adult,Business,Air Peace,Nigeria,RSA,2026-10-03 01:00,TKT-69516344,TXN-7A0F1B74,4207.35
Chidimma Danfulani,F,Nigeria,2006-11-06,Adult,Business,Air Peace,Nigeria,RSA,2026-10-03 01:00,TKT-54499873,TXN-7A0F1B74,4208.47
Oluwaseun Danfulani,M,Nigeria,2018-04-26,Child,Business,Air Peace,Nigeria,RSA,2026-10-03 01:00,TKT-16796477,TXN-7A0F1B74,3144.39
Amina Danfulani,F,Nigeria,2024-06-03,Child,Business,Air Peace,Nigeria,RSA,2026-10-03 01:00,TKT-63015826,TXN-7A0F1B74,3142.88
Leon Schmidt,M,Germany,1950-08-10,Senior,Business,Lufthansa,Germany,France,2026-10-06 09:00,TKT-42988674,TXN-CE766762,3686.64
Oliver Harris,M,Australia,1991-08-10,Adult,Economy,Qantas,Australia,RSA,2026-10-04 14:00,TKT-82968364,TXN-468019BD,1303.46
Lucas Petit,F,France,1968-07-31,Adult,Economy,Air France,France,Australia,2026-10-11 17:00,TKT-39396392,TXN-7B0C16ED,1270.32
Manon Martin,M,France,1996-10-22,Adult,Economy,Air France,France,Singapore,2026-10-14 19:00,TKT-98162850,TXN-571EBD1B,904.01
Manon Martin,F,France,1982-12-09,Adult,Economy,Air France,France,Singapore,2026-10-14 19:00,TKT-17503932,TXN-571EBD1B,913.4
Chloe Martin,M,France,2015-05-05,Child,Economy,Air France,France,Singapore,2026-10-14 19:00,TKT-62133188,TXN-571EBD1B,692.0
Hugo Martin,F,France,2022-02-06,Child,Economy,Air France,France,Singapore,2026-10-14 19:00,TKT-33315234,TXN-571EBD1B,680.03
Lucas Martin,M,France,2025-09-06,Infant,Economy,Air France,France,Singapore,2026-10-14 19:00,TKT-58155056,TXN-571EBD1B,103.73
Oliver Wilson,M,Australia,2004-09-18,Adult,Premium Economy,Qantas,Australia,Australia,2026-10-14 16:00,TKT-75825262,TXN-A44FDD4F,232.69
Amelia Wilson,F,Australia,2007-11-14,Adult,Premium Economy,Qantas,Australia,Australia,2026-10-14 16:00,TKT-90753812,TXN-A44FDD4F,246.79
Zinhle Van der Merwe,M,RSA,1982-06-13,Adult,Premium Economy,South African Airways,RSA,Australia,2026-10-07 23:00,TKT-12941099,TXN-77D2B3D4,1071.14
Noah Smith,M,USA,1994-04-17,Adult,Business,United Airlines,USA,Singapore,2026-10-07 23:00,TKT-55172462,TXN-22E056F3,2398.69
Jackson Smith,F,USA,1973-03-30,Adult,Business,United Airlines,USA,Singapore,2026-10-07 23:00,TKT-31139813,TXN-22E056F3,2413.78
Ava Smith,M,USA,2022-10-19,Child,Business,United Airlines,USA,Singapore,2026-10-07 23:00,TKT-75390879,TXN-22E056F3,1813.42
Ava Smith,F,USA,2022-04-01,Child,Business,United Airlines,USA,Singapore,2026-10-07 23:00,TKT-85427317,TXN-22E056F3,1812.17
Wei Ting Lim,M,Singapore,1957-09-17,Senior,Premium Economy,Singapore Airlines,Singapore,Germany,2026-10-06 05:00,TKT-62559853,TXN-0AA46123,1671.67
Jun Jie Ong,M,Singapore,1971-11-27,Adult,Business,Singapore Airlines,Singapore,USA,2026-10-04 11:00,TKT-95387542,TXN-FB1FF7D5,2633.47
Cheryl Ong,F,Singapore,1988-09-23,Adult,Business,Singapore Airlines,Singapore,USA,2026-10-04 11:00,TKT-95778910,TXN-FB1FF7D5,2612.54
Mei Ling Ong,F,Singapore,2026-06-24,Infant,Business,Singapore Airlines,Singapore,USA,2026-10-04 11:00,TKT-38143348,TXN-FB1FF7D5,258.23
Derrick Tan,M,Singapore,2004-03-19,Adult,Economy,Singapore Airlines,Singapore,Nigeria,2026-10-09 14:00,TKT-57141449,TXN-E73ACBFC,1046.86
Mei Ling Tan,F,Singapore,2001-06-20,Adult,Economy,Singapore Airlines,Singapore,Nigeria,2026-10-09 14:00,TKT-87585294,TXN-E73ACBFC,1035.54
Ryan Tan,M,Singapore,2024-07-11,Child,Economy,Singapore Airlines,Singapore,Nigeria,2026-10-09 14:00,TKT-14484588,TXN-E73ACBFC,772.31
Jun Jie Tan,F,Singapore,2020-12-01,Child,Economy,Singapore Airlines,Singapore,Nigeria,2026-10-09 14:00,TKT-24055958,TXN-E73ACBFC,767.85
Xian Tan,F,Singapore,2026-06-17,Infant,Economy,Singapore Airlines,Singapore,Nigeria,2026-10-09 14:00,TKT-60393104,TXN-E73ACBFC,105.11
Johan Van der Merwe,F,RSA,2000-03-29,Adult,Premium Economy,FlySafair,RSA,Australia,2026-10-08 21:00,TKT-54438762,TXN-670D0207,1126.78
Oliver Thompson,M,Australia,1992-07-30,Adult,Economy,Qantas,Australia,Nigeria,2026-10-06 08:00,TKT-30614492,TXN-0B6F1346,1137.11
Lethabo Van der Merwe,F,RSA,1987-08-22,Adult,Economy,FlySafair,RSA,Singapore,2026-10-02 07:00,TKT-51386492,TXN-AB5419DD,767.67
Babajide Adeleyi,F,Nigeria,1949-02-20,Senior,Economy,Air Peace,Nigeria,RSA,2026-10-08 12:00,TKT-40365724,TXN-CE308C80,813.95
Derrick Wong,F,Singapore,1984-09-28,Adult,Economy,Singapore Airlines,Singapore,Nigeria,2026-10-07 18:00,TKT-61956500,TXN-932A42E7,717.61
Alexander Weber,M,Germany,2003-05-15,Adult,Economy,Lufthansa,Germany,USA,2026-10-08 23:00,TKT-93251648,TXN-B61F3255,1248.48
Leon Schmidt,F,Germany,1994-06-03,Adult,Premium Economy,Lufthansa,Germany,USA,2026-10-04 02:00,TKT-29847882,TXN-5CCC2E5A,1950.32
Derrick Tan,M,Singapore,2003-09-19,Adult,Economy,Singapore Airlines,Singapore,RSA,2026-10-10 11:00,TKT-93625419,TXN-BFAFF8CD,1364.43
Jun Jie Tan,F,Singapore,1967-04-10,Adult,Economy,Singapore Airlines,Singapore,RSA,2026-10-10 11:00,TKT-29891032,TXN-BFAFF8CD,1355.17
Ryan Tan,M,Singapore,2015-01-09,Child,Economy,Singapore Airlines,Singapore,RSA,2026-10-10 11:00,TKT-23554707,TXN-BFAFF8CD,1026.32
Gabriel Petit,M,France,2002-04-24,Adult,Economy,Air France,France,France,2026-10-11 20:00,TKT-46965460,TXN-2688C666,167.55
Lucas Petit,F,France,1991-01-04,Adult,Economy,Air France,France,France,2026-10-11 20:00,TKT-63917932,TXN-2688C666,175.69
Camille Dubois,F,France,1969-10-14,Adult,Premium Economy,Air France,France,USA,2026-10-06 12:00,TKT-75984013,TXN-018345C9,1397.34
Manon Dubois,M,France,1967-10-16,Adult,Economy,Air France,France,Germany,2026-10-08 20:00,TKT-69286198,TXN-329C52B5,851.72
Chloe Dubois,F,France,1971-12-08,Adult,Economy,Air France,France,Germany,2026-10-08 20:00,TKT-75023164,TXN-329C52B5,828.69
Mei Ling Lim,M,Singapore,1971-03-21,Adult,Premium Economy,Singapore Airlines,Singapore,RSA,2026-10-08 05:00,TKT-35872271,TXN-F6CCA589,1227.23
Hui Ling Lim,F,Singapore,2006-06-30,Adult,Premium Economy,Singapore Airlines,Singapore,RSA,2026-10-08 05:00,TKT-14438720,TXN-F6CCA589,1253.04
Ryan Lim,M,Singapore,2020-08-15,Child,Premium Economy,Singapore Airlines,Singapore,RSA,2026-10-08 05:00,TKT-36724061,TXN-F6CCA589,940.08
Grace Harris,M,Australia,1982-06-09,Adult,Economy,Qantas,Australia,Nigeria,2026-10-05 12:00,TKT-33834879,TXN-23DD6C6A,1107.54
Jack Harris,F,Australia,1971-03-10,Adult,Economy,Qantas,Australia,Nigeria,2026-10-05 12:00,TKT-56204319,TXN-23DD6C6A,1117.83
Zainab Danfulani,M,Nigeria,1978-05-13,Adult,Economy,Air Peace,Nigeria,RSA,2026-10-02 06:00,TKT-96889858,TXN-A0055AFC,867.2
Tunde Danfulani,F,Nigeria,1985-09-27,Adult,Economy,Air Peace,Nigeria,RSA,2026-10-02 06:00,TKT-97454571,TXN-A0055AFC,861.6
Amina Danfulani,M,Nigeria,2023-04-09,Child,Economy,Air Peace,Nigeria,RSA,2026-10-02 06:00,TKT-11194267,TXN-A0055AFC,661.42
Grace Taylor,M,Australia,1997-06-17,Adult,Economy,Qantas,Australia,USA,2026-10-06 23:00,TKT-56802956,TXN-383B7A86,1026.55
Thomas Taylor,F,Australia,1982-07-18,Adult,Economy,Qantas,Australia,USA,2026-10-06 23:00,TKT-50553227,TXN-383B7A86,1023.07
Isla Taylor,M,Australia,2018-06-16,Child,Economy,Qantas,Australia,USA,2026-10-06 23:00,TKT-78654208,TXN-383B7A86,780.67
William Taylor,F,Australia,2021-05-28,Child,Economy,Qantas,Australia,USA,2026-10-06 23:00,TKT-91745321,TXN-383B7A86,781.78
Charlotte Taylor,F,Australia,2025-09-22,Infant,Economy,Qantas,Australia,USA,2026-10-06 23:00,TKT-74657836,TXN-383B7A86,118.15
Tunde Adeleyi,M,Nigeria,1946-12-24,Senior,Economy,Air Peace,Nigeria,Singapore,2026-10-13 21:00,TKT-90535106,TXN-9F8BAA47,631.79
Ava Davis,M,USA,1976-03-04,Adult,First,United Airlines,USA,RSA,2026-10-06 14:00,TKT-35489981,TXN-BD87DD2A,6798.9
Oluwaseun Obi,M,Nigeria,1995-08-02,Adult,Business,Air Peace,Nigeria,Nigeria,2026-10-12 12:00,TKT-98263548,TXN-BFDBC59E,509.53
Babajide Obi,F,Nigeria,1976-03-26,Adult,Business,Air Peace,Nigeria,Nigeria,2026-10-12 12:00,TKT-27172371,TXN-BFDBC59E,530.85
Ryan Lim,F,Singapore,1982-07-01,Adult,Economy,Singapore Airlines,Singapore,Nigeria,2026-10-05 12:00,TKT-59886371,TXN-88A232AC,982.82
Jun Jie Tan,M,Singapore,1969-11-06,Adult,Business,Singapore Airlines,Singapore,Germany,2026-10-11 19:00,TKT-77172936,TXN-3912B03A,2722.22
Ryan Tan,F,Singapore,1990-03-26,Adult,Business,Singapore Airlines,Singapore,Germany,2026-10-11 19:00,TKT-81113720,TXN-3912B03A,2703.42
Xian Tan,M,Singapore,2022-07-04,Child,Business,Singapore Airlines,Singapore,Germany,2026-10-11 19:00,TKT-30237141,TXN-3912B03A,2032.88
Hui Ling Tan,F,Singapore,2023-02-23,Child,Business,Singapore Airlines,Singapore,Germany,2026-10-11 19:00,TKT-86424055,TXN-3912B03A,2032.09
Oluwaseun Balogun,F,Nigeria,1950-10-25,Senior,Economy,Air Peace,Nigeria,Singapore,2026-10-12 06:00,TKT-32629881,TXN-8B911C1A,786.16
Mei Ling Tan,M,Singapore,1975-12-27,Adult,Economy,Singapore Airlines,Singapore,USA,2026-10-08 14:00,TKT-81643088,TXN-0A48A44B,684.19
Cheryl Tan,F,Singapore,1974-10-24,Adult,Economy,Singapore Airlines,Singapore,USA,2026-10-08 14:00,TKT-11889398,TXN-0A48A44B,698.0
Wei Ting Tan,M,Singapore,2017-03-01,Child,Economy,Singapore Airlines,Singapore,USA,2026-10-08 14:00,TKT-35578773,TXN-0A48A44B,501.12
Mei Ling Tan,F,Singapore,2016-12-22,Child,Economy,Singapore Airlines,Singapore,USA,2026-10-08 14:00,TKT-43396474,TXN-0A48A44B,527.31
Chloe Bernard,M,France,1952-01-26,Senior,Economy,Air France,France,RSA,2026-10-06 06:00,TKT-79831928,TXN-7957E5F7,1016.04
Liam Williams,M,USA,2003-03-29,Adult,Premium Economy,United Airlines,USA,Germany,2026-10-04 13:00,TKT-12941149,TXN-9325CE01,1295.0
Chidimma Okafor,M,Nigeria,1979-06-12,Adult,Premium Economy,Air Peace,Nigeria,Germany,2026-10-11 02:00,TKT-98848098,TXN-FE2CC010,1058.58
Chidimma Okafor,F,Nigeria,1990-01-25,Adult,Premium Economy,Air Peace,Nigeria,Germany,2026-10-11 02:00,TKT-16473999,TXN-FE2CC010,1046.83
Lethabo Smit,M,RSA,1979-01-31,Adult,Premium Economy,FlySafair,RSA,France,2026-10-05 23:00,TKT-50415166,TXN-75939CE3,976.53
Anika Smit,F,RSA,1980-10-29,Adult,Premium Economy,FlySafair,RSA,France,2026-10-05 23:00,TKT-79834723,TXN-75939CE3,991.67
Noah Brown,F,USA,1971-06-19,Adult,Economy,Delta Air Lines,USA,Singapore,2026-10-11 04:00,TKT-36809908,TXN-C426F633,1273.69
Ava Williams,M,USA,1998-03-30,Adult,Economy,United Airlines,USA,Nigeria,2026-10-02 18:00,TKT-74513622,TXN-1F248673,847.08
Emma Williams,F,USA,1971-04-19,Adult,Economy,United Airlines,USA,Nigeria,2026-10-02 18:00,TKT-21945758,TXN-1F248673,864.22
Leon Schmidt,M,Germany,1987-12-09,Adult,Premium Economy,Lufthansa,Germany,RSA,2026-10-03 09:00,TKT-49731424,TXN-649BC7D6,1662.0
Maximilian Schmidt,F,Germany,1970-07-14,Adult,Premium Economy,Lufthansa,Germany,RSA,2026-10-03 09:00,TKT-33448079,TXN-649BC7D6,1669.22
Hui Ling Wong,M,Singapore,1947-11-07,Senior,Premium Economy,Singapore Airlines,Singapore,France,2026-10-03 02:00,TKT-57986515,TXN-A0A8BED4,1324.15
Tunde Okafor,M,Nigeria,1979-08-29,Adult,Economy,Air Peace,Nigeria,France,2026-10-08 13:00,TKT-74188958,TXN-88AFD6B8,1055.58
Chidimma Okafor,F,Nigeria,2002-10-26,Adult,Economy,Air Peace,Nigeria,France,2026-10-08 13:00,TKT-32384662,TXN-88AFD6B8,1049.89
Oluwaseun Okafor,M,Nigeria,2023-08-04,Child,Economy,Air Peace,Nigeria,France,2026-10-08 13:00,TKT-17871385,TXN-88AFD6B8,780.48
Amina Okafor,F,Nigeria,2015-10-03,Child,Economy,Air Peace,Nigeria,France,2026-10-08 13:00,TKT-89289163,TXN-88AFD6B8,785.07
Sophie Schmidt,M,Germany,1968-12-12,Adult,Premium Economy,Lufthansa,Germany,Australia,2026-10-11 01:00,TKT-75514730,TXN-80B73F00,1713.34
Sophie Schmidt,F,Germany,1997-01-10,Adult,Premium Economy,Lufthansa,Germany,Australia,2026-10-11 01:00,TKT-16170301,TXN-80B73F00,1720.65
Hannah Schmidt,M,Germany,2017-03-29,Child,Premium Economy,Lufthansa,Germany,Australia,2026-10-11 01:00,TKT-11658959,TXN-80B73F00,1298.19
Thomas Martin,M,Australia,2002-02-04,Adult,Economy,Qantas,Australia,Nigeria,2026-10-13 08:00,TKT-96087848,TXN-CE666D08,1339.17
Oliver Martin,F,Australia,2008-03-29,Adult,Economy,Qantas,Australia,Nigeria,2026-10-13 08:00,TKT-84939694,TXN-CE666D08,1333.3
Olivia Miller,F,USA,1984-01-26,Adult,Business,United Airlines,USA,Singapore,2026-10-15 06:00,TKT-16757958,TXN-9FEFB85D,2993.1
Maximilian Schmidt,F,Germany,2004-02-28,Adult,Economy,Lufthansa,Germany,RSA,2026-10-11 15:00,TKT-97694240,TXN-A1A6B18E,1156.1
Kagiso Smit,M,RSA,1992-06-18,Adult,Premium Economy,South African Airways,RSA,Australia,2026-10-14 20:00,TKT-71231190,TXN-823E35CF,1989.76
Pieter Smit,F,RSA,1993-11-14,Adult,Premium Economy,South African Airways,RSA,Australia,2026-10-14 20:00,TKT-39919562,TXN-823E35CF,1981.8
Pieter Smit,M,RSA,2016-09-18,Child,Premium Economy,South African Airways,RSA,Australia,2026-10-14 20:00,TKT-93182506,TXN-823E35CF,1489.72
Siyabonga Smit,F,RSA,2023-08-29,Child,Premium Economy,South African Airways,RSA,Australia,2026-10-14 20:00,TKT-70737878,TXN-823E35CF,1492.78
Thabo Smit,M,RSA,2025-09-17,Infant,Premium Economy,South African Airways,RSA,Australia,2026-10-14 20:00,TKT-39762393,TXN-823E35CF,193.65
Chidimma Adeleyi,M,Nigeria,1997-05-10,Adult,Premium Economy,Air Peace,Nigeria,Australia,2026-10-02 06:00,TKT-64923338,TXN-73EE0C70,2079.33
Chidimma Adeleyi,F,Nigeria,1967-01-14,Adult,Premium Economy,Air Peace,Nigeria,Australia,2026-10-02 06:00,TKT-35171649,TXN-73EE0C70,2086.57
Sophia Brown,M,USA,1979-03-24,Adult,Premium Economy,Delta Air Lines,USA,Singapore,2026-10-03 14:00,TKT-70465703,TXN-A33714BE,1166.68
Jack Wilson,M,Australia,1975-12-30,Adult,Economy,Qantas,Australia,Germany,2026-10-02 18:00,TKT-33783708,TXN-38557217,1179.46
Thomas Wilson,F,Australia,1979-04-09,Adult,Economy,Qantas,Australia,Germany,2026-10-02 18:00,TKT-23898777,TXN-38557217,1173.02
Thomas Wilson,M,Australia,2020-01-22,Child,Economy,Qantas,Australia,Germany,2026-10-02 18:00,TKT-53197138,TXN-38557217,891.89
William Wilson,F,Australia,2020-04-16,Child,Economy,Qantas,Australia,Germany,2026-10-02 18:00,TKT-43318046,TXN-38557217,891.41
Grace Wilson,F,Australia,2026-04-18,Infant,Economy,Qantas,Australia,Germany,2026-10-02 18:00,TKT-49483304,TXN-38557217,106.15
William Thompson,M,Australia,1977-12-18,Adult,Premium Economy,Qantas,Australia,Nigeria,2026-10-10 11:00,TKT-38147161,TXN-7716AADE,1277.86
Jack Thompson,F,Australia,1986-02-28,Adult,Premium Economy,Qantas,Australia,Nigeria,2026-10-10 11:00,TKT-27806897,TXN-7716AADE,1283.77
Isla Thompson,M,Australia,2016-10-14,Child,Premium Economy,Qantas,Australia,Nigeria,2026-10-10 11:00,TKT-95480242,TXN-7716AADE,950.34
Lucas Richard,M,France,1991-09-05,Adult,Economy,Air France,France,Germany,2026-10-15 18:00,TKT-24290224,TXN-9A1B35C4,1174.36
Babajide Okafor,M,Nigeria,1999-08-12,Adult,Premium Economy,Air Peace,Nigeria,USA,2026-10-04 10:00,TKT-18325904,TXN-2FC2138D,1206.11
Nneka Okafor,F,Nigeria,1972-03-31,Adult,Premium Economy,Air Peace,Nigeria,USA,2026-10-04 10:00,TKT-14336089,TXN-2FC2138D,1197.08
Oliver Thompson,M,Australia,1967-03-16,Adult,Premium Economy,Qantas,Australia,Nigeria,2026-10-10 13:00,TKT-99186817,TXN-F063CD7C,1412.45
Mia Meyer,M,Germany,1974-11-22,Adult,Economy,Lufthansa,Germany,France,2026-10-06 07:00,TKT-40272606,TXN-63B82916,1105.65
Hannah Meyer,F,Germany,1973-12-12,Adult,Economy,Lufthansa,Germany,France,2026-10-06 07:00,TKT-90985229,TXN-63B82916,1109.75
Jackson Williams,M,USA,1996-03-30,Adult,First,Delta Air Lines,USA,Germany,2026-10-03 06:00,TKT-15453834,TXN-C748A045,5699.7
Liam Williams,F,USA,1982-07-26,Adult,First,Delta Air Lines,USA,Germany,2026-10-03 06:00,TKT-27457234,TXN-C748A045,5708.38
Ava Williams,M,USA,2019-07-10,Child,First,Delta Air Lines,USA,Germany,2026-10-03 06:00,TKT-10757677,TXN-C748A045,4279.79
Ethan Williams,F,USA,2023-01-11,Child,First,Delta Air Lines,USA,Germany,2026-10-03 06:00,TKT-30777669,TXN-C748A045,4286.36
Ethan Williams,M,USA,2025-10-28,Infant,First,Delta Air Lines,USA,Germany,2026-10-03 06:00,TKT-90111922,TXN-C748A045,569.52
Thomas Martin,F,Australia,1984-05-27,Adult,Premium Economy,Qantas,Australia,France,2026-10-07 17:00,TKT-31390345,TXN-D932065B,1751.61
Thabo Van der Merwe,M,RSA,2003-08-14,Adult,Economy,South African Airways,RSA,USA,2026-10-07 12:00,TKT-85341065,TXN-5739C796,1141.07
Leon Schmidt,F,Germany,2007-08-28,Adult,Business,Lufthansa,Germany,Nigeria,2026-10-12 11:00,TKT-82509424,TXN-E7716A98,2930.74
Wei Ting Lee,M,Singapore,1980-08-22,Adult,Economy,Singapore Airlines,Singapore,Australia,2026-10-06 21:00,TKT-82205759,TXN-36200496,807.96
Chidimma Danfulani,M,Nigeria,1975-04-05,Adult,Business,Air Peace,Nigeria,Singapore,2026-10-08 04:00,TKT-96779969,TXN-353C070A,3509.58
Lethabo Ndlovu,F,RSA,1991-05-11,Adult,Economy,FlySafair,RSA,Nigeria,2026-10-03 02:00,TKT-44715141,TXN-CEE2FB75,881.53
